transaction_id,product_id,customer_id,quantity,transaction_date
T000001,P0050,C0045,5,2024-04-10
T000002,P0099,C0006,1,2025-08-02
T000003,P0025,C0592,0,2024-07-06
T000004,P0029,C0077,6,2024-05-30
T000005,P0046,C0479,0,2024-08-26
T000006,P0074,C0495,10,Jan 30 2025
T000007,P0042,C0566,9,2024-09-20
T000008,P0098,C0361,7,2024-10-18
T000009,P0001,C0392,4,2024-06-19
T000010,P0037,C0485,1,2025-11-21
T000011,P0104,C0014,-9,2024-09-26
T000012,P0111,C0446,5,2025-02-16
T000013,P0135,C0018,2,Apr 04 2024
T000014,P0077,C0318,1,2025-11-21
T000015,P0024,C0510,10,2024-12-31
T000016,P0005,C0156,6,2025-05-29
T000017,P0141,C0515,1,2024-10-14
T000018,P0029,C0568,2,2024-03-19
T000019,P0044,C0098,10,2025-07-13
T000020,P0003,C0182,8,2025-03-19
T000021,P0074,C0383,2,2025-09-28
T000022,P0069,C0337,3,2024-04-26
T000023,P0041,C0499,5,2024-04-23
T000024,P0040,C0149,3,Feb 16 2025
T000025,P0123,C0075,7,2024-01-29
T000026,P0148,C0590,1,2025-03-08
T000027,P0019,C0177,0,2025-04-20
T000028,P0080,C0280,5,2025-06-10
T000029,P0124,C0290,10,2024/04/14
T000030,P0085,C0116,2,2024-11-16
T000031,P0004,C0482,3,2024-09-22
T000032,P0065,C0047,3,2025-04-09
T000033,P0064,C0034,0,2024-02-13
T000034,P0026,C0092,6,2024-04-26
T000035,P0062,C0262,4,2024-05-22
T000036,P0115,C0431,9,2024-05-26
T000037,P0119,C0255,9,2024-07-22
T000038,P0108,C0499,-1,2024-06-02
T000039,P0080,C0123,5,2025-04-30
T000040,P0009,C0041,4,2024-09-19
T000041,P0038,,5,2025-03-24
T000042,P0103,C0353,8,2024-10-24
T000043,P0150,C0222,8,2024-04-12
T000044,P0043,C0594,9,2024-04-30
T000045,P0148,C0528,3,2024-11-01
T000046,P0015,C0189,2,2024-11-15
T000047,P0121,C0497,4,2024-09-07
T000048,P0140,C0226,3,2024-02-25
T000049,P0055,C0306,6,2024-11-07
T000050,P0064,C0233,0,2025-10-19
T000051,P0045,C0522,0,2025/09/23
T000052,P0039,C0187,9,2025-04-18
T000053,,C0222,5,2025-03-19
T000054,P0060,C0483,6,2025-08-02
T000055,P0021,C0339,6,2025-02-21
T000056,P0051,C0570,3,2025-04-15
T000057,P0106,C0190,6,2025-02-13
T000058,P0061,C0489,10,2025-08-13
T000059,P0075,C0467,4,2025-03-03
T000060,P0121,C0164,4,2024-08-20
T000061,,C0055,5,2024-08-19
T000062,,C0490,10,2024-05-08
T000063,P0053,C0314,8,2025-08-23
T000064,P0014,C0176,7,2024-03-31
T000065,P0121,C0558,8,2024-04-26
T000066,P0007,C0396,7,2024-01-25
T000067,P0099,C0189,7,2024-01-26
T000068,P0137,C0310,5,2025-05-25
T000069,P0149,C0517,8,2025-06-03
T000070,P0100,C0460,0,2024-11-14
T000071,P0127,C0408,1,2025-03-31
T000072,P0137,C0053,10,2025-06-04
T000073,P0068,C0059,2,2025-08-28
T000074,P0075,C0369,4,2025-08-08
T000075,P0109,,10,2025-11-09
T000076,P0129,C0228,6,2025-03-12
T000077,P0054,C0125,1,2025-11-03
T000078,P0135,C0504,6,2024-10-01
T000079,P0044,C0529,7,2024-09-27
T000080,P0142,C0219,7,2024-07-24
T000081,P0068,C0033,9,2024-08-11
T000082,P0092,C0426,7,2025-02-04
T000083,P0080,C0259,3,2025-08-06
T000084,P0055,C0068,9,2024-07-31
T000085,P0074,C0577,1,2024-07-06
T000086,P0027,C0065,10,2025-10-23
T000087,P0146,C0315,3,2025-03-03
T000088,P0012,C0229,10,2025-05-31
T000089,P0050,C0427,5,2025-01-08
T000090,P0133,C0233,9,2024-09-10
T000091,P0085,C0301,9,2025-06-06
T000092,P0135,C0467,1,2024-06-19
T000093,P0116,C0001,0,2024-12-15
T000094,P0068,C0078,5,2024-03-02
T000095,P0144,C0363,8,2025-09-09
T000096,P0121,C0017,5,2025-11-09
T000097,P0054,C0593,7,2025-04-09
T000098,P0024,C0571,4,2025/05/06
T000099,P0091,C0105,8,2024-02-04
T000100,P0094,C0435,6,2024-02-22
T000101,P0017,C0011,5,2024-10-01
T000102,P0125,C0097,5,2025-11-11
T000103,P0099,C0339,2,2025-10-20
T000104,P0115,C0533,0,2025-01-19
T000105,P0028,C0350,3,2025-03-17
T000106,P0100,C0480,10,2025-11-15
T000107,P0086,C0382,2,2025-04-24
T000108,P0017,C0249,4,Jul 06 2025
T000109,P0099,C0362,1,2024-01-29
T000110,P0134,C0295,5,2024-11-22
T000111,P0104,C0288,7,2025-02-08
T000112,P0089,C0135,6,2025-07-12
T000113,P0102,C0076,8,2024-11-11
T000114,P0017,C0529,1,2025-09-05
T000115,P0067,C0218,2,2025-10-28
T000116,P0094,C0209,-2,2025/05/07
T000117,P0021,C0521,6,2025-07-28
T000118,P0012,C0285,10,2024-04-08
T000119,P0095,C0526,0,2024-05-21
T000120,P0142,C0217,8,2025-11-13
T000121,P0120,C0492,10,2025-10-03
T000122,P0125,C0361,7,2024-01-04
T000123,P0136,C0185,1,2025-10-22
T000124,P0024,C0591,0,2024-05-28
T000125,P0149,C0397,8,2025-04-03
T000126,P0027,C0417,2,2025-04-08
T000127,P0047,C0312,8,2025-11-13
T000128,P0117,C0175,2,2024-04-01
T000129,P0078,C0230,4,2025-02-12
T000130,P0027,C0218,4,2025-06-13
T000131,P0022,C0381,9,2024-11-17
T000132,P0149,C0437,8,2025-05-13
T000133,P0139,C0127,1,2025-09-12
T000134,P0082,C0348,8,2025-03-09
T000135,P0108,C0159,7,2025-10-10
T000136,P0024,C0275,10,2025-02-05
T000137,P0052,C0570,3,2025-07-31
T000138,P0013,C0352,3,Dec 15 2024
T000139,P0006,C0549,-3,2025-04-26
T000140,P0006,C0448,1,2025-08-23
T000141,P0082,C0299,9,2024-10-02
T000142,P0075,C0131,5,2025-01-13
T000143,P0040,C0132,9,2025-03-17
T000144,P0063,C0093,6,2024-08-08
T000145,P0071,C0570,10,2025-08-24
T000146,P0110,C0580,5,2024-11-17
T000147,P0092,C0449,1,2024-05-26
T000148,P0014,C0421,0,Oct 07 2024
T000149,P0146,C0212,1,2025-06-08
T000150,P0084,C0460,9,2024-07-12
T000151,P0119,C0283,1,2025-08-12
T000152,P0082,C0049,8,2024-07-01
T000153,P0062,C0236,3,2025-06-10
T000154,P0077,C0345,3,2024-04-07
T000155,P0115,C0479,9,2024-05-02
T000156,P0039,C0265,3,2025-09-23
T000157,P0122,C0453,9,2024-02-04
T000158,P0102,C0167,0,2025-07-12
T000159,P0023,C0441,8,2025-05-04
T000160,P0028,C0370,2,2025-09-11
T000161,P0058,C0342,4,2024-01-30
T000162,P0128,C0084,10,2025-09-01
T000163,P0017,C0174,8,2025-04-02
T000164,P0089,C0249,3,2024-05-28
T000165,P0074,C0373,5,2024-09-30
T000166,P0057,C0139,9,2025-04-22
T000167,P0089,C0413,7,2025-01-05
T000168,P0029,C0111,9,Aug 28 2025
T000169,P0126,C0480,3,2024-01-09
T000170,P0115,C0325,4,2024-01-17
T000171,P0002,C0341,4,2024-04-04
T000172,P0088,C0595,9,2024-01-07
T000173,P0132,C0141,5,2025-03-01
T000174,P0016,C0395,8,2025-03-23
T000175,P0046,C0064,7,Nov 20 2025
T000176,P0057,C0442,9,2025-04-28
T000177,,C0232,2,2024-05-03
T000178,P0046,C0079,-7,2024-10-06
T000179,,C0376,7,2025-09-05
T000180,P0124,C0256,1,2025-03-06
T000181,P0062,C0116,7,2024-02-08
T000182,P0023,C0224,5,2025-03-22
T000183,P0083,C0347,6,2024-08-21
T000184,P0119,C0483,8,2025-10-04
T000185,P0019,C0479,5,2025-09-03
T000186,P0063,C0212,8,2024-02-24
T000187,P0029,C0496,8,2025/05/09
T000188,P0105,C0049,4,2025-03-18
T000189,P0042,C0013,9,2024/07/02
T000190,P0119,C0567,10,2024-12-18
T000191,P0073,C0146,6,2025-11-21
T000192,P0094,,6,2024-09-29
T000193,P0061,C0217,9,2025-06-23
T000194,P0049,C0171,10,2025-09-15
T000195,P0076,C0233,7,2025-01-09
T000196,P0140,C0105,0,2025-09-13
T000197,P0022,C0401,9,2024-12-04
T000198,P0144,C0034,-9,2025-05-28
T000199,P0019,C0394,6,2024-04-19
T000200,P0045,C0168,4,2024-06-10
T000201,,C0358,10,2024-12-29
T000202,P0049,C0071,10,2024-06-16
T000203,P0093,C0227,8,2024-12-17
T000204,P0060,C0597,5,2025-03-04
T000205,P0052,C0496,10,2024-07-18
T000206,P0012,C0200,4,2024-05-03
T000207,P0097,C0156,8,2025-05-28
T000208,P0109,C0333,10,2025-11-09
T000209,P0127,C0486,2,2025-09-07
T000210,P0055,C0509,4,2025-03-22
T000211,,C0379,1,2024-12-05
T000212,P0074,C0247,1,2025-04-27
T000213,P0130,C0195,2,2024-11-16
T000214,P0097,C0211,9,2025-05-07
T000215,P0139,C0093,2,2025-05-08
T000216,P0107,C0280,10,2024-07-26
T000217,P0111,C0178,8,2025-08-19
T000218,P0122,C0446,3,2024-03-29
T000219,P0149,C0355,8,2024-12-24
T000220,P0038,C0166,-7,2025-04-21
T000221,P0043,C0192,6,2024-01-08
T000222,P0070,C0591,8,2024-05-03
T000223,P0120,C0332,3,2024-09-08
T000224,P0099,C0544,1,2024-05-10
T000225,,C0079,6,2025-10-07
T000226,P0068,C0506,7,2024-04-24
T000227,P0135,C0314,4,2024-07-08
T000228,P0100,C0539,4,2025-11-14
T000229,P0072,C0598,2,2025-08-30
T000230,P0012,C0506,0,2024-12-20
T000231,P0113,C0348,8,2024-05-20
T000232,P0150,C0040,7,2025-08-10
T000233,P0126,,-1,2024-11-30
T000234,P0138,C0095,9,2024-09-30
T000235,P0064,C0303,3,2024-01-20
T000236,P0123,C0441,2,2024-06-01
T000237,P0096,C0397,5,2025-09-18
T000238,P0062,C0170,8,2024-04-23
T000239,P0102,C0278,7,2025-06-07
T000240,P0043,C0417,3,2025-06-19
T000241,P0061,C0175,8,2025-09-09
T000242,P0032,C0482,4,2024-01-10
T000243,P0097,C0318,1,2025-03-10
T000244,P0102,C0388,4,2025-03-16
T000245,P0116,C0278,4,2025-09-21
T000246,P0145,C0340,8,2024-08-24
T000247,P0007,C0567,7,2024-12-15
T000248,P0081,C0168,9,2025-04-27
T000249,P0109,C0493,1,2024-06-11
T000250,P0041,C0138,1,2024-01-09
T000251,P0003,C0339,6,2025-01-13
T000252,P0045,C0082,7,2024-06-15
T000253,P0077,C0124,3,2024-04-02
T000254,P0110,,6,2024-10-29
T000255,P0060,C0223,10,2024-03-31
T000256,P0013,C0273,3,2025-07-24
T000257,P0003,C0392,2,2024-08-29
T000258,P0127,C0138,6,2024-04-07
T000259,P0070,C0335,2,2025-02-01
T000260,P0033,C0572,8,2024-05-14
T000261,P0053,C0052,5,2024-09-07
T000262,P0098,C0356,5,2024-10-11
T000263,P0129,C0407,4,2025-02-19
T000264,P0003,C0051,5,2024/05/10
T000265,P0111,C0169,7,2024-02-17
T000266,P0083,C0026,6,2024-05-06
T000267,P0040,C0280,-1,2025-09-06
T000268,P0127,C0478,2,2025-09-30
T000269,P0038,C0366,3,2024-07-29
T000270,P0015,C0381,3,2024-05-11
T000271,P0036,C0350,2,2025-10-07
T000272,P0101,C0579,0,2025-01-04
T000273,,C0091,7,Jul 06 2025
T000274,P0106,C0192,9,2025-10-10
T000275,P0112,C0576,10,2025-08-22
T000276,P0006,C0230,7,2024/07/13
T000277,P0118,C0002,0,2025-09-13
T000278,P0053,C0198,5,2024-07-07
T000279,P0058,C0591,4,2024-04-11
T000280,P0140,C0144,10,2025-02-13
T000281,P0029,C0320,4,2024-10-23
T000282,P0039,C0309,3,2024-11-06
T000283,P0062,C0547,4,2024-10-20
T000284,P0062,C0028,3,2024-06-07
T000285,P0094,C0547,8,2024-01-27
T000286,P0128,,8,May 01 2025
T000287,P0116,C0047,1,2025-01-03
T000288,P0024,C0553,5,2024-10-03
T000289,P0034,C0193,3,2024-12-30
T000290,P0126,C0210,5,2024-07-22
T000291,P0022,C0568,4,2025-03-25
T000292,P0020,C0446,10,2024-06-13
T000293,P0140,C0334,5,2025-09-03
T000294,P0066,C0338,2,2024-05-10
T000295,P0132,C0208,6,2025-06-15
T000296,P0111,C0515,8,2024-11-09
T000297,P0024,C0320,7,2024-11-11
T000298,P0045,C0503,2,2025-03-29
T000299,P0076,C0050,6,2024-07-10
T000300,P0058,C0130,3,2024/05/02
T000301,P0004,C0539,3,2025-02-19
T000302,P0115,,0,2024-11-27
T000303,P0134,C0157,9,2025-09-02
T000304,P0070,C0187,8,2024-01-14
T000305,P0104,C0432,7,2024-11-23
T000306,P0040,C0562,9,Jul 19 2025
T000307,P0081,C0009,4,2025-03-16
T000308,P0005,C0311,3,2024-11-01
T000309,P0120,C0369,1,2024-10-11
T000310,P0099,C0126,6,2024-05-31
T000311,P0042,C0543,5,2025-06-24
T000312,P0056,C0271,8,2024-04-01
T000313,P0023,C0045,9,2025-05-18
T000314,P0061,C0003,4,Nov 03 2025
T000315,P0046,C0419,0,2025-07-17
T000316,P0075,C0569,10,2025-07-26
T000317,P0019,C0540,6,2024-06-17
T000318,P0074,C0192,2,2025-05-02
T000319,P0111,C0227,1,2024-01-26
T000320,P0072,C0135,10,2025-09-21
T000321,P0092,C0319,7,2024/10/15
T000322,P0060,C0149,7,Oct 28 2025
T000323,P0082,C0474,1,2025-02-20
T000324,P0038,C0332,9,2025/04/07
T000325,P0038,C0434,9,2024-12-29
T000326,P0088,C0302,9,2024-08-02
T000327,P0146,C0494,2,2024-08-12
T000328,P0078,C0480,2,2024/05/22
T000329,P0114,C0064,10,2025-01-05
T000330,P0030,C0115,5,2025-07-19
T000331,P0097,C0098,9,2024-07-02
T000332,P0029,C0336,8,2025-05-10
T000333,P0094,C0334,5,2025-01-27
T000334,P0120,C0178,0,2024-03-22
T000335,P0046,C0047,1,2024-07-21
T000336,P0147,C0355,4,2025-06-06
T000337,P0014,C0342,5,2025-05-23
T000338,P0104,C0340,10,2024-07-12
T000339,P0041,C0499,6,2025-05-12
T000340,P0138,C0566,4,2024/08/24
T000341,P0080,C0332,5,2024-05-02
T000342,P0145,C0400,0,2025-01-20
T000343,P0003,C0120,3,2025-11-30
T000344,P0096,C0568,6,2025/07/25
T000345,P0082,C0508,7,2025-11-04
T000346,P0136,C0503,10,2024-04-16
T000347,P0078,C0565,3,2025-03-03
T000348,P0099,C0012,7,2024-03-21
T000349,P0086,C0580,1,2024-03-14
T000350,P0016,C0159,7,2024/01/26
T000351,P0097,C0585,3,2025-07-12
T000352,P0044,C0021,8,2024-01-03
T000353,P0042,C0127,1,2025-06-11
T000354,P0049,C0560,6,2025-01-18
T000355,P0006,C0311,10,2024-11-30
T000356,P0135,C0315,3,2025-06-17
T000357,P0115,C0129,3,2024-08-16
T000358,P0009,C0159,10,2024-01-23
T000359,P0072,C0167,6,2024-08-27
T000360,P0037,C0084,0,2025-02-08
T000361,P0052,C0180,-1,2025-10-05
T000362,P0110,C0273,4,2025-08-11
T000363,P0026,C0143,6,2024-01-13
T000364,P0110,C0084,7,2025-10-24
T000365,P0020,C0546,7,2024/07/16
T000366,P0074,C0464,10,2025-06-29
T000367,P0067,C0001,3,2025-03-14
T000368,P0037,C0381,0,2024-02-23
T000369,P0125,C0185,2,2025-05-03
T000370,,C0060,8,2024/12/09
T000371,P0091,C0179,0,2024-07-25
T000372,P0111,C0216,5,2024-07-24
T000373,P0122,C0313,2,2024-01-11
T000374,P0048,C0595,10,2025-11-10
T000375,P0090,C0165,9,2025-03-03
T000376,P0066,C0115,6,2024-09-21
T000377,P0041,C0130,7,2025-10-15
T000378,P0068,C0043,7,2025-06-03
T000379,P0100,C0173,1,2025-11-26
T000380,P0132,C0490,2,2025-09-13
T000381,P0029,C0207,6,2025-03-09
T000382,P0132,C0284,4,2024-09-14
T000383,P0066,C0183,8,2025-01-13
T000384,P0024,,5,2025-08-20
T000385,P0061,C0145,5,2025-06-01
T000386,P0146,C0490,-6,2024/09/05
T000387,P0115,C0508,7,Aug 31 2024
T000388,P0066,C0006,5,2024-09-03
T000389,P0118,,7,2025-09-08
T000390,P0085,C0094,6,2024-06-26
T000391,P0025,C0198,5,2025/01/09
T000392,P0042,C0317,2,2024-07-17
T000393,P0072,C0006,2,2024-02-07
T000394,P0074,C0512,0,2024-12-06
T000395,P0100,C0414,8,2025-06-11
T000396,P0105,C0486,10,2024-02-27
T000397,P0014,C0193,4,2024-07-30
T000398,P0084,C0451,6,2024-08-20
T000399,P0089,C0071,6,2025-11-28
T000400,P0062,C0209,6,Jun 08 2024
T000401,P0004,C0172,9,2024-11-17
T000402,P0014,C0594,2,2024-03-21
T000403,P0090,C0122,0,2025-04-24
T000404,P0001,C0489,0,Jul 22 2024
T000405,P0104,C0315,6,2025-10-18
T000406,P0038,C0550,3,2024-01-17
T000407,P0081,C0468,2,2024-04-04
T000408,P0129,C0262,4,2025-02-24
T000409,P0102,C0308,6,2025-10-30
T000410,P0053,C0053,4,2025-09-04
T000411,P0144,C0095,7,2025-01-21
T000412,P0048,C0486,4,2025-08-08
T000413,P0064,C0043,5,2024-10-17
T000414,P0105,C0392,10,Nov 03 2024
T000415,P0097,C0316,3,2025-04-02
T000416,P0146,C0575,2,2024-10-01
T000417,P0010,C0221,1,2025-08-30
T000418,P0064,C0072,9,2025-03-20
T000419,P0081,C0506,7,2024/04/22
T000420,P0088,C0023,4,Oct 09 2024
T000421,P0147,C0310,7,2025-03-24
T000422,P0038,C0405,2,2024-01-21
T000423,P0140,C0307,7,2024-08-08
T000424,P0126,C0288,10,2025-01-19
T000425,P0089,C0480,0,2024-04-11
T000426,P0050,C0121,5,2025-10-26
T000427,P0124,C0356,8,2025-06-07
T000428,P0109,C0081,5,2024-07-22
T000429,P0052,C0531,6,2025-08-16
T000430,P0123,,2,2025-06-25
T000431,P0132,C0490,3,2024-04-20
T000432,P0040,C0009,7,2025-04-21
T000433,P0058,C0064,4,2024-02-09
T000434,P0123,C0075,-7,2025-01-03
T000435,P0115,C0269,1,2025-04-23
T000436,P0089,C0345,10,2024-08-26
T000437,P0130,C0283,6,2024-08-19
T000438,P0140,C0181,9,2024-07-31
T000439,P0056,C0409,10,2024-10-01
T000440,P0093,C0472,0,Mar 17 2025
T000441,P0074,C0595,7,2024-03-28
T000442,P0011,C0361,4,2025-10-12
T000443,P0103,C0060,5,2025-08-10
T000444,P0114,C0267,10,2025-07-03
T000445,P0132,C0440,3,2025-01-27
T000446,P0140,,7,Dec 19 2024
T000447,P0048,C0468,-9,2025-03-02
T000448,P0056,C0022,9,2025-07-17
T000449,P0147,C0224,5,2024-08-20
T000450,P0102,C0273,10,2024-11-08
T000451,P0072,C0217,3,2025-07-25
T000452,P0036,C0020,10,2025-04-03
T000453,P0029,C0503,4,2024-07-19
T000454,P0078,C0540,8,2024/04/09
T000455,P0146,,6,2024-06-17
T000456,P0048,C0133,10,2025-06-08
T000457,P0065,C0444,10,2025-01-14
T000458,P0124,C0402,9,2024-07-12
T000459,P0048,C0097,8,2025-09-11
T000460,P0062,,4,2025-04-11
T000461,P0013,C0065,5,2024-12-27
T000462,P0091,C0476,7,2025-09-30
T000463,P0134,C0217,-4,2025-10-24
T000464,P0099,C0530,7,2024-10-24
T000465,P0144,C0518,2,2024-02-16
T000466,P0007,C0347,10,2024-06-22
T000467,P0053,C0276,8,2024-08-20
T000468,P0058,C0309,8,2024-12-05
T000469,P0133,C0136,4,2024-05-15
T000470,P0145,C0417,4,2025-01-05
T000471,P0055,C0403,3,2025-08-20
T000472,P0122,C0185,4,2024-07-17
T000473,P0063,C0019,1,2025-04-13
T000474,P0012,C0525,6,2024-04-29
T000475,P0148,C0599,2,2025-09-19
T000476,P0092,C0064,9,2024-05-14
T000477,P0105,C0372,8,2025/06/28
T000478,P0133,C0132,5,2024-07-26
T000479,P0054,C0580,3,2025-06-15
T000480,P0120,C0141,4,2025-05-27
T000481,P0050,,4,2024-12-18
T000482,P0063,C0283,0,2025-02-10
T000483,P0003,C0164,9,2025-07-03
T000484,P0112,C0457,4,2024-07-26
T000485,P0040,C0183,10,2024-02-07
T000486,P0055,C0485,7,2024-11-03
T000487,P0136,C0163,6,2024-06-02
T000488,P0013,C0230,6,2025-08-18
T000489,P0085,C0567,1,2025-09-18
T000490,P0027,C0250,0,2025/07/12
T000491,P0030,C0253,10,2025-01-06
T000492,P0033,C0063,7,2024-08-09
T000493,P0105,C0540,1,2025-02-04
T000494,P0092,C0446,1,2024-07-26
T000495,P0116,C0554,6,2025-06-29
T000496,P0055,C0379,0,2025-01-18
T000497,P0009,,10,2024-10-18
T000498,P0109,C0303,1,2025-08-21
T000499,P0055,C0081,8,2024-11-25
T000500,P0053,C0245,5,2025-02-26
T000501,,C0359,8,2024-10-10
T000502,P0127,C0135,4,2024-10-25
T000503,P0046,C0298,4,2025-08-07
T000504,P0133,C0085,5,2024-12-14
T000505,P0075,C0509,2,2024-05-18
T000506,P0042,C0334,8,2025-09-22
T000507,P0102,C0431,6,2024-10-21
T000508,P0107,C0306,2,2024-11-12
T000509,P0149,C0477,2,2024-12-19
T000510,P0112,C0562,8,2024-11-10
T000511,P0129,C0057,4,2025/05/19
T000512,P0014,C0234,1,2024-06-22
T000513,P0046,C0256,7,2025-05-16
T000514,P0001,,10,2024-05-10
T000515,P0080,C0409,8,2024-06-02
T000516,P0021,C0079,2,2025-04-15
T000517,P0080,C0314,3,2024-10-16
T000518,P0077,C0493,1,2025-10-24
T000519,P0120,C0587,6,2025-11-11
T000520,P0116,,10,2024-12-28
T000521,P0048,C0176,3,2025-08-17
T000522,P0024,C0555,3,2024-02-04
T000523,P0071,,9,2024-11-06
T000524,P0116,C0335,5,2024-07-10
T000525,P0143,C0580,4,2025-05-25
T000526,P0084,C0263,10,2025-04-02
T000527,P0113,C0534,9,2025-04-28
T000528,P0015,C0227,3,2024-01-01
T000529,P0008,C0016,2,2025-07-30
T000530,P0012,C0128,5,2024-12-23
T000531,P0112,C0575,8,2025-01-31
T000532,P0022,,1,2024-08-22
T000533,P0063,C0107,10,2024-07-29
T000534,P0034,C0056,0,2024-06-05
T000535,P0037,C0456,4,2025-07-24
T000536,P0086,C0440,5,2025-07-08
T000537,P0010,C0260,3,2024-03-04
T000538,P0089,C0450,8,2024-04-14
T000539,P0047,C0374,5,2024-09-19
T000540,P0084,C0524,3,2024-01-16
T000541,P0029,C0509,5,2024-04-10
T000542,P0003,C0202,2,2025-10-15
T000543,P0012,C0185,2,2025-06-17
T000544,P0092,C0294,7,2025/02/24
T000545,P0101,C0272,3,2025-06-27
T000546,,C0171,1,2024-01-16
T000547,P0073,C0317,9,Jul 07 2025
T000548,P0044,C0563,3,2025-04-14
T000549,P0087,C0154,3,2024-06-12
T000550,P0049,C0062,4,2025-07-03
T000551,P0116,C0552,6,2025-01-14
T000552,P0042,C0069,3,2024-05-12
T000553,P0119,C0204,1,2025-02-04
T000554,P0144,C0523,10,2024/08/09
T000555,P0091,C0024,9,2025-06-07
T000556,P0033,C0071,8,2024-04-15
T000557,P0012,C0281,10,2024-01-04
T000558,P0136,C0248,1,2024-04-08
T000559,P0108,C0535,0,2025-07-16
T000560,P0139,C0008,9,2024-12-11
T000561,P0112,C0319,4,2025-04-14
T000562,P0051,C0265,10,2024-06-02
T000563,P0041,C0483,0,2024-09-02
T000564,P0076,C0048,9,2024-05-09
T000565,P0107,C0102,1,2025-09-12
T000566,P0110,C0201,2,2024-12-22
T000567,P0095,C0354,1,2024-02-20
T000568,P0032,C0295,7,2025-11-18
T000569,P0021,C0365,8,2025-02-23
T000570,P0133,C0211,2,2025-06-04
T000571,P0089,C0273,1,2025-04-21
T000572,P0076,C0572,9,2024-10-25
T000573,P0104,C0347,7,2025-10-12
T000574,P0071,C0518,3,2024-12-16
T000575,P0053,C0111,8,2024-07-03
T000576,P0085,C0257,9,2025-10-31
T000577,P0150,C0199,1,2024-08-01
T000578,P0064,C0320,0,2024-11-05
T000579,P0022,C0521,4,2024-01-19
T000580,P0123,C0373,0,2024-03-30
T000581,P0106,C0328,4,2025-09-11
T000582,P0003,C0599,3,2024-04-18
T000583,P0018,C0215,3,2024-03-11
T000584,P0007,C0224,10,2025-06-13
T000585,P0079,C0139,1,2025-11-27
T000586,P0044,C0518,8,2024-03-03
T000587,P0058,C0251,8,2024-10-18
T000588,P0075,C0094,4,2024-11-06
T000589,P0100,C0010,5,2025-03-10
T000590,P0062,C0363,7,2024-02-04
T000591,P0113,C0448,3,2025-10-07
T000592,P0114,C0052,4,2024-07-18
T000593,P0084,C0550,5,2024-10-29
T000594,P0115,C0451,9,2025-01-20
T000595,P0092,C0007,4,2025-04-07
T000596,P0115,C0129,1,2024-11-12
T000597,P0055,C0205,10,2025-06-11
T000598,P0032,C0420,6,2025-03-26
T000599,P0141,C0579,4,2024-10-03
T000600,,C0307,0,2025-08-23
T000601,P0086,C0245,10,2024-02-20
T000602,P0066,C0067,9,2024-09-24
T000603,P0055,C0013,1,2024-04-29
T000604,P0018,C0583,8,2025-07-26
T000605,P0100,C0483,2,2025-06-24
T000606,P0126,C0084,1,2024-11-16
T000607,P0117,C0165,-10,2025-08-13
T000608,P0001,C0532,10,2025-11-10
T000609,P0052,C0516,1,2024-12-09
T000610,P0074,,6,May 12 2025
T000611,P0059,C0436,6,2024-03-29
T000612,P0007,C0140,7,2024-07-17
T000613,P0009,C0390,8,2024-05-31
T000614,P0079,C0436,7,2025-08-02
T000615,P0055,C0592,10,2024-04-24
T000616,P0075,C0438,0,2025-07-31
T000617,P0009,C0336,4,2025-11-16
T000618,P0099,C0024,8,2025-05-02
T000619,P0136,C0031,2,2024-05-25
T000620,P0107,C0589,5,2024-01-22
T000621,P0101,C0352,9,2024-02-12
T000622,P0091,C0300,10,2025-01-30
T000623,P0126,C0456,8,2025-01-07
T000624,P0033,C0145,7,2024-05-14
T000625,P0001,C0195,8,2024-01-11
T000626,P0053,C0480,6,2025-04-15
T000627,P0141,C0030,8,2025-01-19
T000628,P0106,C0144,10,2024-06-26
T000629,P0096,C0076,2,2025-11-07
T000630,P0023,C0596,5,2024-11-25
T000631,P0009,C0575,5,2024-08-29
T000632,P0104,C0241,2,2024-08-20
T000633,P0063,C0083,10,2024-06-04
T000634,P0051,C0269,10,2025-09-04
T000635,P0052,C0061,3,2024-05-25
T000636,P0003,C0499,1,2025-06-02
T000637,P0033,C0342,9,2025-02-12
T000638,P0090,C0019,4,2024-03-20
T000639,P0067,C0225,2,2024-02-16
T000640,P0117,C0516,4,2024-04-14
T000641,P0100,C0208,6,2025-03-25
T000642,P0003,C0173,9,2025/11/17
T000643,P0027,C0387,4,2024-05-10
T000644,P0137,C0200,7,2025-04-30
T000645,P0089,C0212,1,2024-07-12
T000646,P0126,C0523,-9,2025-02-11
T000647,P0042,C0458,10,2024-04-09
T000648,P0125,C0388,3,2024-06-20
T000649,P0081,C0147,0,2024-05-28
T000650,P0057,C0399,8,2024-11-13
T000651,P0076,C0556,8,2024-09-16
T000652,P0043,C0462,10,2025-09-14
T000653,P0073,C0599,4,2025-07-05
T000654,P0064,C0204,5,2025-01-29
T000655,P0120,C0090,7,2024-08-20
T000656,P0142,C0324,1,2024-07-08
T000657,P0127,C0477,4,2024-08-17
T000658,P0019,C0017,9,2024-08-17
T000659,P0009,C0435,5,2025-04-07
T000660,P0106,C0312,10,Jun 17 2024
T000661,P0056,C0197,4,2024-05-16
T000662,P0010,C0322,4,2024-02-13
T000663,P0065,C0585,6,2025-11-03
T000664,P0130,C0332,10,Feb 26 2025
T000665,P0020,C0194,7,2024-04-02
T000666,P0075,C0415,4,2024-11-22
T000667,P0050,C0482,3,2024-06-20
T000668,P0010,C0188,2,2024-08-20
T000669,P0032,C0028,0,2025-03-23
T000670,P0014,C0082,9,2024-11-05
T000671,P0090,C0196,6,2025-11-22
T000672,P0140,C0305,6,2024-06-18
T000673,P0027,C0536,7,2025-01-11
T000674,P0089,C0508,1,Apr 28 2024
T000675,P0013,C0369,4,2025-05-01
T000676,P0099,C0027,7,2025-03-11
T000677,P0069,C0339,-2,2025-07-08
T000678,P0039,C0318,7,2025-05-15
T000679,P0128,C0341,6,2024-12-17
T000680,P0113,C0585,10,2025-03-19
T000681,P0070,C0140,8,2024-04-07
T000682,P0085,C0036,9,2024-06-21
T000683,P0043,,2,2024-02-05
T000684,P0072,C0537,7,2024-09-20
T000685,P0103,C0120,8,2025-06-24
T000686,P0139,C0047,3,Oct 04 2025
T000687,P0067,C0058,6,2025-03-02
T000688,P0025,C0539,9,2025-08-24
T000689,P0056,C0560,5,2025-08-27
T000690,P0056,C0076,8,2025-05-07
T000691,P0025,C0435,7,2025-02-07
T000692,P0019,C0129,2,2025-06-04
T000693,P0115,C0411,10,2024-07-23
T000694,P0069,C0327,8,2024-04-26
T000695,P0054,C0366,10,2025/10/22
T000696,P0110,C0022,3,2024/10/23
T000697,P0063,C0015,7,2025-07-18
T000698,P0123,C0585,3,2024-02-02
T000699,P0119,C0283,1,2024-08-08
T000700,,C0221,7,2024-12-08
T000701,P0058,C0011,6,2025-10-18
T000702,P0023,C0107,-2,2024-04-15
T000703,P0071,C0027,8,2024-01-16
T000704,P0014,C0440,10,2024-07-14
T000705,P0001,C0555,2,2025-07-23
T000706,P0005,C0476,3,2024-08-24
T000707,P0039,C0353,4,2025-11-18
T000708,P0019,C0369,10,2024-05-09
T000709,P0008,C0212,9,2025-04-30
T000710,P0114,C0310,10,2024-06-18
T000711,P0054,C0393,5,2024-04-23
T000712,P0096,C0289,7,2024-06-04
T000713,P0025,C0023,1,2024-01-30
T000714,P0033,C0017,1,2024-11-06
T000715,P0038,C0340,7,2025-01-09
T000716,P0008,C0427,0,2025-06-14
T000717,P0144,C0079,7,2025/04/02
T000718,P0007,C0159,5,2025-09-23
T000719,P0052,C0307,9,2025-06-02
T000720,P0109,C0538,5,2025-11-11
T000721,P0017,C0390,6,2024-11-21
T000722,P0111,C0016,9,2024-12-16
T000723,P0071,C0117,-1,2024-06-02
T000724,P0117,C0426,1,2024-02-15
T000725,P0147,C0393,-6,2024-11-09
T000726,P0109,C0004,1,2025-02-28
T000727,P0081,,2,2024-12-29
T000728,P0016,C0244,4,2025-02-11
T000729,P0116,C0367,9,2024-09-24
T000730,P0018,C0338,8,2024-11-12
T000731,P0064,C0005,4,2025-04-12
T000732,P0087,C0438,9,2024-09-09
T000733,P0030,C0588,9,May 26 2025
T000734,P0024,C0153,9,2025/07/16
T000735,P0077,C0146,2,2025-10-03
T000736,P0077,C0077,7,2024-05-02
T000737,P0031,C0371,7,2025-08-06
T000738,P0061,C0267,7,2025-05-21
T000739,P0107,C0352,10,2024-07-21
T000740,P0149,C0235,9,2024-11-17
T000741,P0004,C0163,3,2024-06-14
T000742,P0128,C0168,2,2025-09-11
T000743,P0055,C0272,5,2024-11-17
T000744,P0033,C0460,2,2025-04-30
T000745,P0134,C0452,0,2025-07-26
T000746,P0127,C0145,10,2025-02-21
T000747,P0124,C0559,-3,2025-05-19
T000748,P0128,C0324,9,2024-03-18
T000749,P0066,C0488,4,2025-05-01
T000750,P0022,C0022,4,2024-08-13
T000751,P0099,C0564,1,2024-09-22
T000752,P0002,C0398,2,2024/05/25
T000753,P0013,C0575,6,2025-07-14
T000754,P0052,C0314,4,2025-11-14
T000755,P0080,C0373,2,2025-01-06
T000756,P0049,C0219,6,2024-09-30
T000757,P0001,C0353,4,2025-05-25
T000758,P0047,C0588,9,Jul 20 2024
T000759,P0068,C0142,8,2024-06-08
T000760,P0106,C0331,7,2024-10-29
T000761,P0120,C0322,7,2024-12-05
T000762,P0098,C0072,3,2025-04-14
T000763,P0051,C0347,8,2025-07-24
T000764,P0103,C0365,2,2024-02-27
T000765,P0118,C0438,5,2024-08-05
T000766,P0007,C0256,1,2024-07-11
T000767,P0123,C0321,7,2024-07-28
T000768,P0132,C0185,8,2024-06-22
T000769,P0083,C0297,7,2025-08-15
T000770,P0054,C0392,6,2024-04-17
T000771,P0118,C0560,5,2025/09/21
T000772,P0132,C0469,6,2025-06-27
T000773,P0033,C0255,7,2024-04-13
T000774,P0027,C0316,4,2024-11-13
T000775,P0012,C0492,9,2025-11-20
T000776,P0143,C0131,7,2025-06-08
T000777,P0014,C0150,-9,2025-05-26
T000778,P0135,C0033,2,2025/09/13
T000779,P0106,C0246,5,2025-05-22
T000780,P0090,C0236,0,2024-09-18
T000781,P0101,C0362,9,2025-09-12
T000782,P0055,C0571,4,2024-05-10
T000783,P0086,C0427,9,Jun 02 2024
T000784,P0015,C0530,5,2024-03-08
T000785,P0136,C0082,7,2024-04-30
T000786,P0046,C0543,5,2025-09-19
T000787,P0002,C0355,7,2024-09-28
T000788,P0010,C0078,5,2024-07-20
T000789,P0061,C0093,6,2024-08-19
T000790,P0038,C0027,9,2025-03-27
T000791,P0029,,8,2024-01-15
T000792,P0038,C0252,3,2025-05-26
T000793,P0125,C0028,0,2024-06-10
T000794,P0061,C0302,9,2024-12-12
T000795,P0001,C0574,4,2024-07-23
T000796,P0105,C0419,1,2024-05-19
T000797,P0145,C0438,6,Apr 06 2025
T000798,P0074,C0524,6,2024-08-03
T000799,P0029,C0073,10,2024-12-21
T000800,P0098,C0487,7,2024-02-27
T000801,P0084,C0479,4,2024-08-12
T000802,P0132,C0067,8,2024-09-26
T000803,P0099,,-10,2024-04-03
T000804,P0117,C0014,7,2024-02-08
T000805,P0067,C0080,1,2024-03-31
T000806,,C0143,6,2025-01-08
T000807,P0150,C0496,6,2025-04-23
T000808,P0022,C0170,3,2025-09-20
T000809,P0150,C0361,4,2024-01-13
T000810,P0006,C0126,5,2025-08-18
T000811,P0129,C0332,6,2025-06-29
T000812,P0134,C0135,-7,2024-08-05
T000813,P0078,C0308,0,2024-02-06
T000814,P0086,C0451,6,2024-08-03
T000815,P0127,C0451,1,2024-01-03
T000816,P0075,C0492,7,2024-11-22
T000817,P0139,C0586,8,2024-04-16
T000818,P0019,C0078,1,2024/04/11
T000819,,C0478,2,2025-08-24
T000820,P0047,C0277,2,2024-02-12
T000821,P0079,,8,2025-01-20
T000822,P0122,C0247,4,2024-12-23
T000823,,C0286,2,2025-10-10
T000824,P0123,C0208,1,2024-10-18
T000825,P0070,C0371,2,2025-11-04
T000826,P0008,C0083,2,2025-09-20
T000827,,C0517,1,2024-05-12
T000828,,C0562,4,2024-07-02
T000829,P0076,C0026,4,2024-01-23
T000830,P0005,C0461,5,2025-04-10
T000831,P0073,C0013,8,2024-10-21
T000832,,C0548,5,2024-11-30
T000833,P0091,C0447,2,2024-06-08
T000834,P0028,C0597,5,2025-07-30
T000835,P0148,C0071,3,2024-05-19
T000836,P0054,C0139,1,2024-06-27
T000837,P0016,,0,2024-09-08
T000838,P0016,C0359,10,2024-06-29
T000839,P0104,C0030,2,2025-04-24
T000840,P0068,C0596,9,2025-04-25
T000841,,C0277,2,2025-08-20
T000842,P0057,C0354,2,Jul 07 2024
T000843,P0020,C0386,5,2025-02-02
T000844,P0070,C0153,6,2024-03-11
T000845,P0076,C0443,8,2024-03-09
T000846,P0144,C0225,10,2024-10-04
T000847,P0002,C0438,5,2025-10-07
T000848,P0122,C0179,4,2024/07/11
T000849,P0063,C0344,7,2024-11-09
T000850,P0110,C0492,0,2025-02-23
T000851,P0039,C0275,7,2025-02-02
T000852,P0095,C0105,8,2025-01-20
T000853,P0035,C0342,6,2025-07-22
T000854,P0100,C0484,4,2025-07-03
T000855,P0088,C0419,8,2024-01-09
T000856,P0088,C0328,5,2024-08-22
T000857,P0002,C0297,3,2025-02-25
T000858,P0025,C0057,1,2024-04-28
T000859,P0132,C0132,6,2025-02-03
T000860,P0096,C0581,0,2025-06-03
T000861,P0062,C0163,6,2024-04-14
T000862,P0075,C0280,10,2024-10-22
T000863,P0086,C0500,1,2024-08-01
T000864,P0143,C0440,5,2025-05-12
T000865,P0002,C0297,10,2025-01-17
T000866,P0060,C0453,5,2025-09-27
T000867,P0144,C0431,3,2024-12-16
T000868,P0118,C0013,1,2025-05-24
T000869,P0012,C0086,0,2024-02-01
T000870,P0099,C0456,4,2025-08-04
T000871,P0011,C0121,3,2024-10-16
T000872,P0018,C0156,10,Jan 26 2025
T000873,P0076,C0372,10,2024-11-21
T000874,P0065,C0197,6,2024-03-07
T000875,P0130,C0581,6,2025-07-05
T000876,P0102,C0182,9,2024-04-11
T000877,P0043,C0212,3,2024-10-03
T000878,P0148,C0330,2,2024-02-02
T000879,P0093,C0320,3,2024-07-08
T000880,P0046,C0169,8,2024-10-10
T000881,P0064,C0427,3,Jun 10 2024
T000882,P0142,C0205,4,2024-07-15
T000883,P0031,C0322,7,2024-08-15
T000884,P0087,C0456,4,2025/04/05
T000885,P0061,C0229,10,2025-04-27
T000886,P0145,C0082,10,Oct 26 2024
T000887,P0092,,8,2024-10-08
T000888,P0080,C0369,3,2024-06-20
T000889,,C0295,3,2025-08-10
T000890,P0050,C0163,2,2025-05-24
T000891,P0072,C0160,5,2025-11-06
T000892,P0093,C0169,9,2025-10-26
T000893,P0096,C0076,9,2025-08-17
T000894,P0092,C0007,6,2025-10-30
T000895,P0115,C0586,2,2025-05-22
T000896,P0078,C0324,2,2025-11-13
T000897,P0131,C0130,10,2025-08-26
T000898,P0062,C0120,5,2024-01-13
T000899,P0147,C0225,3,2025-05-31
T000900,P0051,C0233,2,2024-07-18
T000901,P0030,C0422,9,2024-07-09
T000902,P0147,C0326,8,2025-07-11
T000903,P0093,C0392,7,2024-01-19
T000904,,C0069,0,2025-09-10
T000905,P0061,C0024,7,2024-02-11
T000906,P0150,C0171,7,2024-05-09
T000907,P0091,C0345,9,2025-02-24
T000908,P0138,C0085,1,2024-09-21
T000909,P0021,C0387,2,2025-08-04
T000910,P0082,C0445,3,2025-04-09
T000911,P0100,C0056,9,2024-04-04
T000912,P0106,C0421,3,2025-09-14
T000913,P0018,C0379,10,2024-10-27
T000914,P0108,C0146,1,2024-11-03
T000915,P0135,C0547,1,2025-10-28
T000916,P0135,C0513,5,2025-09-27
T000917,P0123,C0596,2,2024-07-25
T000918,P0077,C0195,10,2024/11/13
T000919,P0076,C0595,2,2025-07-19
T000920,P0088,C0300,6,2025-04-03
T000921,P0066,C0199,9,2024-02-21
T000922,P0097,C0354,8,2024-04-13
T000923,P0113,C0498,8,2025-07-31
T000924,P0049,C0039,6,2025-07-18
T000925,P0127,C0055,9,2025-02-21
T000926,P0145,C0208,-7,2024-08-07
T000927,P0069,C0027,4,2024-01-12
T000928,P0069,C0357,3,2025-08-23
T000929,P0067,C0074,0,2024-09-28
T000930,P0034,C0432,10,2025-03-06
T000931,P0120,C0273,1,2024/08/26
T000932,P0125,C0510,2,2024-07-01
T000933,P0097,C0473,7,2025-05-07
T000934,P0086,C0154,1,2025-09-22
T000935,P0028,C0430,6,2025-04-21
T000936,P0142,C0102,2,2025-04-08
T000937,P0039,C0239,4,2024-10-22
T000938,P0052,C0354,4,2025-06-06
T000939,P0068,C0320,5,2024-09-25
T000940,P0115,C0230,8,2025-04-03
T000941,P0098,C0183,6,2024-12-27
T000942,P0013,C0537,9,2025-09-16
T000943,P0135,C0302,5,2024/02/05
T000944,P0007,C0424,-2,2025-09-14
T000945,P0039,C0442,7,2024-01-15
T000946,P0088,C0024,1,2024-09-27
T000947,P0025,C0210,3,2024-10-24
T000948,P0146,C0027,8,2024-06-16
T000949,P0052,C0230,7,2025-05-16
T000950,P0086,C0090,2,2025-05-29
T000951,P0133,C0322,7,2025-07-09
T000952,P0092,C0096,6,2024-11-13
T000953,P0057,C0063,5,2025-01-20
T000954,P0128,C0054,10,2024-07-10
T000955,P0138,,4,2024-11-25
T000956,P0076,C0597,0,2024-10-28
T000957,P0089,C0088,2,2025-11-04
T000958,P0088,C0025,9,2025-10-05
T000959,P0143,C0504,3,2024-04-01
T000960,,C0313,1,2025-05-07
T000961,P0056,C0366,9,2024-02-15
T000962,P0129,C0562,3,2025-08-18
T000963,P0126,C0230,5,2025-09-01
T000964,P0118,C0269,3,2024-01-29
T000965,P0124,C0311,2,2025-10-30
T000966,P0073,C0221,10,2024-12-31
T000967,P0129,,1,2024-04-26
T000968,P0062,C0521,0,Nov 21 2025
T000969,P0053,C0127,5,2024-03-30
T000970,P0124,C0008,7,2024-07-07
T000971,P0075,C0417,3,2024-02-04
T000972,P0145,C0134,1,2024-04-12
T000973,P0087,C0009,9,Feb 05 2024
T000974,P0140,C0513,6,2024-06-14
T000975,P0086,C0045,2,2024-10-09
T000976,P0034,C0470,3,2024-05-23
T000977,P0007,C0172,10,2024-03-02
T000978,P0011,C0101,3,2025/02/19
T000979,P0019,C0248,0,2024-08-14
T000980,P0023,C0356,4,2024-03-17
T000981,P0130,C0276,3,2024-12-10
T000982,P0132,C0407,3,2024-08-18
T000983,P0054,C0133,7,2024-12-08
T000984,P0119,C0102,8,2025-04-07
T000985,P0101,C0381,9,2025-07-19
T000986,P0088,C0503,0,Jan 04 2025
T000987,P0132,C0168,4,2024-03-21
T000988,P0106,C0278,1,2025-10-16
T000989,P0069,C0276,7,2025-08-15
T000990,P0130,C0351,10,2025/01/13
T000991,P0119,C0274,3,2024-12-12
T000992,P0121,C0140,4,2024-10-14
T000993,P0078,C0260,5,2025-10-25
T000994,P0068,C0359,2,2025-01-02
T000995,P0141,C0156,8,2024-04-19
T000996,P0031,C0253,6,2025-07-14
T000997,P0128,C0526,7,2025-06-24
T000998,P0132,C0408,2,Nov 07 2025
T000999,P0083,C0001,7,2025-01-10
T001000,P0082,C0116,0,2025-04-05
T001001,P0148,C0133,3,2024-12-06
T001002,P0085,C0020,8,2025-04-27
T001003,P0033,C0554,1,2024-05-15
T001004,P0073,C0203,9,2025-05-30
T001005,P0109,C0237,1,2025-01-31
T001006,P0082,C0325,8,2025-10-05
T001007,P0003,C0477,2,2024-01-21
T001008,P0070,C0479,6,2025-10-23
T001009,P0027,C0353,3,2024-08-21
T001010,P0147,C0028,9,2025-01-22
T001011,P0085,C0225,9,2024-08-20
T001012,P0082,C0227,7,2024-03-28
T001013,P0132,C0046,7,2025-08-28
T001014,P0047,C0012,9,2025-01-02
T001015,,C0382,2,2025-07-19
T001016,P0048,C0090,8,2024/09/01
T001017,P0084,C0316,3,2024-06-26
T001018,P0115,C0340,4,2025-09-05
T001019,P0073,C0158,0,2024-04-04
T001020,P0076,C0517,5,2025-09-09
T001021,P0145,C0435,9,2025-07-09
T001022,P0099,C0477,2,Jan 25 2024
T001023,P0011,C0231,2,2025-11-15
T001024,P0085,C0502,5,2024-03-09
T001025,P0021,C0472,8,Jul 24 2024
T001026,P0119,,8,2024-03-22
T001027,P0149,C0345,10,2024-06-25
T001028,P0041,C0398,5,2025-01-05
T001029,P0005,C0056,9,Jul 08 2024
T001030,P0114,C0458,2,2024-08-11
T001031,P0133,C0199,8,2024-03-14
T001032,P0148,C0243,7,2025-05-20
T001033,P0101,C0455,1,2024-02-02
T001034,P0032,C0244,2,2025-09-23
T001035,P0136,C0039,0,2024-10-13
T001036,P0115,C0533,3,2024-12-10
T001037,P0049,C0577,2,2024-01-08
T001038,P0086,C0161,5,2025/06/25
T001039,P0008,C0537,1,2025-02-21
T001040,P0057,C0495,6,2025-11-20
T001041,P0032,C0127,8,2024-07-25
T001042,P0077,C0352,8,2025-03-11
T001043,P0063,C0027,8,2025-11-27
T001044,P0091,C0546,8,2025-01-27
T001045,P0047,C0021,5,2025-05-11
T001046,P0011,C0069,10,2025-09-13
T001047,P0092,C0514,7,2024/08/12
T001048,P0132,C0307,3,2025-01-31
T001049,P0054,C0122,5,2024-03-28
T001050,P0019,C0279,9,2025-09-19
T001051,P0127,C0168,4,2025-05-09
T001052,P0050,C0205,6,2025-05-12
T001053,P0109,C0155,9,2025-09-19
T001054,P0020,C0249,2,2024-12-22
T001055,P0113,C0521,9,Mar 21 2024
T001056,P0041,C0465,5,2025-04-09
T001057,P0040,C0223,5,2024-05-29
T001058,P0067,C0329,7,2024-03-16
T001059,P0002,C0397,10,2024-12-19
T001060,P0052,C0060,10,2024-05-14
T001061,P0117,C0395,2,2025-04-05
T001062,P0055,C0114,5,2025-09-23
T001063,P0089,C0515,10,2025-10-21
T001064,P0107,C0459,3,2024-07-15
T001065,P0099,C0472,1,2024-07-14
T001066,P0130,C0545,3,2025-09-21
T001067,P0121,C0028,8,2024-09-03
T001068,P0077,C0369,10,2025/05/11
T001069,P0105,C0247,2,2024-04-13
T001070,P0053,C0507,4,2025-03-05
T001071,P0023,C0070,9,2024-01-02
T001072,P0073,C0556,3,2025-02-21
T001073,P0050,C0140,3,2024-10-18
T001074,P0095,C0044,2,2024-11-10
T001075,P0034,C0244,3,2025-10-09
T001076,P0036,C0264,-2,2025-08-13
T001077,P0146,C0041,2,Apr 03 2025
T001078,P0055,C0259,2,2024-06-08
T001079,P0040,C0193,2,2024-08-30
T001080,P0126,C0485,3,2024-12-19
T001081,P0099,C0353,10,2025-04-16
T001082,P0051,C0410,10,2025-02-16
T001083,P0077,C0470,-2,2024-06-08
T001084,P0011,C0387,9,2025-07-26
T001085,P0070,C0329,9,2024-02-10
T001086,P0111,C0269,2,2025-01-21
T001087,P0121,C0185,8,2025-02-06
T001088,P0051,C0407,5,Oct 24 2025
T001089,P0069,C0429,10,2024-04-15
T001090,,C0307,5,2025-06-06
T001091,P0084,C0320,1,2025-08-18
T001092,P0078,C0497,10,2024-03-01
T001093,P0002,C0347,7,2025-03-17
T001094,P0132,C0508,8,2024-09-07
T001095,P0119,C0307,1,2025-07-07
T001096,,,1,2024-06-15
T001097,,C0419,9,2025-09-17
T001098,P0068,C0555,3,2025-05-10
T001099,P0024,C0211,1,Feb 01 2025
T001100,P0056,C0432,6,2025-09-26
T001101,P0146,,3,2024-02-21
T001102,P0011,C0242,8,2024-07-26
T001103,P0076,C0054,3,2024-07-14
T001104,P0117,C0114,7,2025-09-03
T001105,P0120,C0117,9,2025-03-04
T001106,P0040,C0102,4,2024-01-06
T001107,P0030,C0256,4,2024/03/12
T001108,P0033,C0529,6,2025-03-01
T001109,P0126,C0571,1,2025-03-05
T001110,P0115,C0226,8,2024-11-16
T001111,P0072,C0371,6,2024-05-22
T001112,P0025,C0224,5,2024-11-05
T001113,P0021,C0264,1,2025/08/12
T001114,,C0003,4,2024-03-26
T001115,P0136,C0074,10,2025-08-21
T001116,P0007,C0027,5,2025-04-12
T001117,P0013,C0309,5,2024-05-05
T001118,P0028,C0495,2,2024-11-02
T001119,P0111,C0347,4,2024-06-25
T001120,P0065,C0098,3,2024-06-27
T001121,P0030,C0403,9,2024/07/16
T001122,P0138,C0021,7,2024-08-17
T001123,P0118,C0197,9,2024-04-06
T001124,P0148,C0327,1,2024-11-16
T001125,P0078,C0439,10,2025-09-22
T001126,P0080,C0501,7,2025-05-31
T001127,P0072,C0147,2,2024-05-23
T001128,P0004,C0346,10,2025-10-07
T001129,P0063,C0068,1,2025-11-23
T001130,P0072,C0360,2,2024-07-20
T001131,P0096,C0060,3,2025-10-14
T001132,P0137,C0555,2,2024-01-02
T001133,P0099,C0414,10,Jul 03 2025
T001134,P0022,C0116,4,2025-11-08
T001135,P0011,C0033,6,2024-07-12
T001136,P0051,C0461,9,2024-10-05
T001137,P0032,C0467,3,2025-06-15
T001138,P0148,C0440,4,2024-12-05
T001139,P0064,C0150,7,2024-04-03
T001140,P0028,C0554,5,Aug 25 2025
T001141,P0143,C0385,2,2024-11-07
T001142,P0134,C0321,1,2025-07-24
T001143,P0051,C0484,7,2025-02-23
T001144,,C0495,4,2024-04-23
T001145,P0012,C0582,3,2024-03-10
T001146,P0061,C0170,-9,2025-06-28
T001147,P0057,C0497,7,2024-01-01
T001148,P0103,C0156,8,2025-01-04
T001149,P0059,C0338,6,2024-07-02
T001150,P0063,C0530,5,2025-06-16
T001151,P0023,C0436,8,2024-09-19
T001152,P0077,C0037,3,2024-08-09
T001153,P0065,C0124,6,2024/09/05
T001154,P0080,C0247,1,2025-03-25
T001155,P0097,C0167,2,2024-01-27
T001156,P0034,C0379,7,2024-08-26
T001157,P0090,C0444,6,2025-07-09
T001158,P0144,C0048,3,2025-11-04
T001159,,C0221,6,2025-08-01
T001160,P0046,C0039,10,2024-10-07
T001161,P0002,C0011,8,2024-12-20
T001162,P0053,C0170,3,2025-08-25
T001163,P0055,C0322,5,2024-02-12
T001164,P0104,C0536,10,2024-09-19
T001165,P0101,C0170,5,2025-03-10
T001166,P0014,C0214,10,2025-03-10
T001167,P0097,C0069,3,2024-11-13
T001168,P0102,C0525,2,2024-07-29
T001169,P0036,C0272,7,2025-02-11
T001170,P0026,C0163,2,2024-10-03
T001171,P0148,C0425,3,2025-07-14
T001172,P0066,C0086,5,2025-11-11
T001173,P0093,C0054,1,2024-07-10
T001174,P0058,C0425,9,2025-11-18
T001175,P0053,C0111,2,2025/09/27
T001176,P0055,C0262,4,2025-09-19
T001177,P0077,C0465,4,2024-12-10
T001178,P0110,C0373,5,2024-10-30
T001179,P0126,C0239,3,2025-04-01
T001180,P0043,C0354,10,Mar 08 2024
T001181,P0147,C0445,2,2024-02-15
T001182,P0066,C0097,1,2025-05-19
T001183,P0002,C0294,0,Oct 15 2025
T001184,P0136,C0151,3,2025-10-05
T001185,,C0467,4,2024-03-02
T001186,P0029,C0274,4,2025-11-01
T001187,P0146,C0151,2,2024-09-14
T001188,P0058,C0150,5,2025-04-19
T001189,P0105,C0131,5,2025-04-20
T001190,P0113,C0356,2,2024-01-23
T001191,P0145,C0353,-5,2024-12-14
T001192,P0099,C0177,6,2024-01-27
T001193,P0089,C0523,7,2024-12-03
T001194,P0014,C0255,5,2025-10-16
T001195,P0136,,2,2024-05-19
T001196,P0015,C0410,7,2025-08-23
T001197,P0121,C0531,1,2024-05-17
T001198,P0141,C0369,7,2024-06-12
T001199,P0147,C0050,1,2024-12-09
T001200,P0069,C0076,2,2025-01-21
T001201,P0012,C0031,10,2024-04-06
T001202,P0031,C0100,5,2025-11-15
T001203,P0122,C0026,8,2024-08-20
T001204,P0060,C0548,6,2024-10-22
T001205,,C0514,4,2024-07-09
T001206,P0123,C0307,7,2024-12-26
T001207,P0014,C0115,5,2024-05-05
T001208,P0090,C0039,2,2025-09-23
T001209,P0052,C0179,5,2024-07-16
T001210,P0082,C0391,6,2025-07-28
T001211,P0138,C0198,8,2025-01-13
T001212,P0069,C0419,10,2025-11-08
T001213,P0016,C0058,6,2025-08-28
T001214,P0070,C0183,5,2024-09-12
T001215,P0042,C0187,9,2024-05-19
T001216,P0117,C0595,1,2025-03-26
T001217,P0146,C0017,7,2025-02-10
T001218,P0107,C0449,8,2024-03-09
T001219,P0128,C0359,-8,2024-02-25
T001220,P0125,C0376,1,2025-04-23
T001221,P0144,C0457,3,2025-04-03
T001222,P0021,C0089,10,2024-03-20
T001223,P0144,C0505,10,2024-12-16
T001224,P0076,C0477,5,2025-04-06
T001225,P0042,C0127,6,2025-09-06
T001226,P0007,,1,2025-04-02
T001227,P0025,C0373,6,2024-12-17
T001228,P0003,C0386,1,2024-03-01
T001229,P0142,C0437,1,2024-04-23
T001230,P0044,C0181,6,2024-02-24
T001231,P0031,C0327,8,2024-08-02
T001232,P0117,C0358,4,2025-06-28
T001233,P0110,C0365,5,2025-09-05
T001234,P0022,C0347,4,2025-08-06
T001235,P0074,C0581,7,2024-05-01
T001236,P0035,C0565,2,2025/08/09
T001237,P0027,C0543,6,2025-03-04
T001238,P0087,C0386,6,2024-05-14
T001239,P0142,C0375,2,2025-07-11
T001240,P0122,C0066,2,2025-03-20
T001241,P0073,C0246,10,2025-04-02
T001242,P0013,C0443,9,2024-03-05
T001243,P0140,C0547,4,2024-08-20
T001244,P0054,C0312,2,2024-01-12
T001245,P0085,C0090,9,Jun 17 2025
T001246,P0142,C0357,7,2025-04-04
T001247,P0030,C0133,6,2024-08-21
T001248,P0054,C0198,0,2024-04-30
T001249,P0091,C0299,5,2025-05-09
T001250,P0139,C0488,6,2024-01-02
T001251,P0149,C0590,4,2024-02-11
T001252,P0103,C0547,10,2024-01-23
T001253,P0090,C0241,6,2025-09-18
T001254,P0106,C0450,1,2024-11-09
T001255,P0086,C0058,6,2025-04-04
T001256,P0132,C0147,9,2025-06-26
T001257,P0001,C0023,10,2025-08-18
T001258,P0021,C0350,0,2025-05-14
T001259,,C0123,10,2025-02-09
T001260,P0046,C0447,1,2024-12-29
T001261,P0116,C0084,5,2025-04-03
T001262,P0001,C0167,3,2025-04-09
T001263,P0135,C0188,1,2025-06-15
T001264,P0115,C0028,10,2025-10-31
T001265,P0128,C0446,2,2024-05-03
T001266,P0119,C0354,9,2025-01-02
T001267,P0064,C0047,10,2025-03-11
T001268,P0005,,2,2024-09-17
T001269,P0032,,4,2024-01-18
T001270,P0141,C0109,9,2024/10/04
T001271,P0003,C0172,6,2024-02-14
T001272,P0112,C0474,0,2025-09-02
T001273,P0146,C0523,3,2025-05-12
T001274,P0091,C0263,2,2024-12-02
T001275,P0014,C0573,6,2025-10-02
T001276,P0101,C0377,2,2024-01-15
T001277,P0045,C0051,4,2024-04-20
T001278,P0042,C0598,2,2025-09-09
T001279,P0115,C0187,6,2025-04-21
T001280,P0119,C0111,3,2024-08-12
T001281,P0030,,9,2025-05-13
T001282,P0097,C0515,8,2025-07-14
T001283,P0138,C0434,8,2025-02-24
T001284,P0096,C0461,4,2024-04-29
T001285,P0034,C0173,9,2025-04-19
T001286,P0064,,2,2024-07-23
T001287,P0048,C0276,5,2025-04-09
T001288,P0064,C0207,7,2024-11-19
T001289,P0149,C0124,4,2025-05-30
T001290,P0115,C0495,1,2025-03-17
T001291,P0001,C0122,9,2025-04-30
T001292,P0031,C0557,6,2025-07-27
T001293,P0025,C0498,10,2025-11-21
T001294,P0118,C0439,10,2024-01-01
T001295,P0058,C0273,4,2025-06-26
T001296,P0115,C0522,4,2024-06-17
T001297,P0130,C0477,4,2025-08-12
T001298,P0023,C0547,5,2024-07-22
T001299,P0030,C0109,10,2024-06-15
T001300,,C0257,1,2024-03-03
T001301,P0079,C0175,4,2024-01-23
T001302,P0115,C0311,10,Mar 05 2024
T001303,P0142,C0093,1,2024-12-25
T001304,P0091,C0392,6,2024-05-19
T001305,P0048,C0002,3,2024-11-01
T001306,P0019,C0417,7,2025-07-03
T001307,P0112,C0500,8,2025-01-21
T001308,P0023,C0408,8,2025-08-09
T001309,P0107,C0594,4,2025-03-06
T001310,P0079,C0457,9,2024-07-13
T001311,P0026,C0540,7,2024-01-12
T001312,P0069,C0213,8,2025/06/11
T001313,P0028,C0560,5,2025-10-19
T001314,P0014,C0296,4,2024-10-27
T001315,P0037,C0164,1,2025-09-03
T001316,P0030,C0119,9,2024-12-12
T001317,P0069,C0237,3,2025-03-04
T001318,,C0515,0,2024-04-02
T001319,P0106,C0434,3,2025-02-19
T001320,P0113,C0006,6,2024-03-12
T001321,P0076,,8,2025-08-12
T001322,P0148,C0166,3,2024-07-29
T001323,P0025,C0242,7,2025-05-13
T001324,P0027,C0089,3,2025-01-07
T001325,P0029,C0178,8,2024-10-29
T001326,P0138,C0232,2,Aug 09 2025
T001327,,C0003,7,2024-02-29
T001328,P0076,C0283,7,2025-05-23
T001329,P0006,C0269,10,2024-05-30
T001330,P0118,C0252,9,2025-10-02
T001331,P0146,C0398,8,2025-07-20
T001332,P0101,C0478,6,2024-11-12
T001333,,C0031,2,2025-08-22
T001334,P0092,C0375,8,2024-07-26
T001335,P0094,C0290,2,2024-01-14
T001336,P0065,C0136,6,2024-11-25
T001337,P0058,C0582,2,2024-11-20
T001338,P0143,C0081,5,2024-03-12
T001339,P0111,C0549,8,2025-06-06
T001340,P0024,C0163,1,2025-08-14
T001341,P0007,C0514,4,Jun 24 2024
T001342,P0079,C0295,3,2025-05-16
T001343,P0121,,9,2024-06-17
T001344,P0113,C0056,7,2024-07-28
T001345,P0146,C0079,1,2024-11-04
T001346,P0106,C0284,5,2025-03-13
T001347,P0063,C0097,10,2025-03-24
T001348,P0096,C0363,7,2024-09-18
T001349,P0031,C0424,6,2025-11-15
T001350,P0025,C0013,5,2025-06-22
T001351,P0029,C0527,8,2025-11-12
T001352,P0006,C0464,5,2025-11-02
T001353,P0064,C0139,8,Jan 14 2025
T001354,P0073,C0439,6,2025-07-19
T001355,P0126,C0415,2,Feb 10 2025
T001356,P0030,C0145,4,2024-09-21
T001357,P0017,C0356,4,2024-01-21
T001358,P0055,C0085,3,2024-08-10
T001359,P0045,C0458,1,2025-05-21
T001360,P0129,C0401,0,2025-08-20
T001361,P0063,C0453,6,2024-05-27
T001362,P0115,C0176,8,2025-05-11
T001363,P0027,C0381,7,2025-05-15
T001364,P0074,C0335,6,2024-09-04
T001365,P0095,C0192,6,2024-01-19
T001366,P0027,C0263,9,2024-09-05
T001367,P0056,C0339,8,2025-04-11
T001368,P0110,C0287,2,2024-03-26
T001369,P0015,C0378,10,2024-09-26
T001370,P0109,C0200,6,2024-08-04
T001371,P0089,C0376,0,Jan 27 2025
T001372,P0060,C0560,5,2025-09-08
T001373,P0138,C0574,6,2024-11-11
T001374,P0070,C0486,5,2024-04-24
T001375,P0053,C0360,7,2024-10-10
T001376,P0087,C0370,5,2025-03-22
T001377,P0020,C0389,2,2024-02-08
T001378,P0004,C0519,8,2025-07-23
T001379,P0101,C0283,9,2025-09-20
T001380,P0137,C0107,8,2024-05-29
T001381,P0090,C0258,6,2024-10-18
T001382,P0059,C0110,10,2024-01-17
T001383,P0094,C0440,6,Mar 29 2024
T001384,P0124,C0105,7,2025-11-02
T001385,P0071,C0432,10,2024-09-01
T001386,P0111,C0379,10,2025-05-30
T001387,P0058,C0064,2,2025-11-13
T001388,P0148,C0436,5,2024-12-31
T001389,P0053,C0173,7,2024-07-15
T001390,P0120,C0594,5,2024-05-06
T001391,,C0382,3,2024-10-14
T001392,P0046,C0252,8,2025-11-05
T001393,P0104,C0266,10,2024-02-08
T001394,P0021,C0113,5,2024-04-17
T001395,P0081,C0455,1,2024-08-04
T001396,P0098,C0048,10,2024-10-08
T001397,P0071,C0147,2,2025-04-10
T001398,P0104,C0451,7,2024-03-18
T001399,P0011,C0005,3,2024-12-29
T001400,,C0020,7,2025-08-07
T001401,P0117,C0420,6,2025-04-22
T001402,P0109,,2,2024-12-27
T001403,P0004,C0151,0,2025-08-31
T001404,P0141,C0581,2,2025-10-04
T001405,P0011,C0245,3,2025-01-29
T001406,,C0333,1,2025-09-21
T001407,P0108,C0484,7,2025-11-05
T001408,P0126,C0031,0,2024-02-27
T001409,P0120,C0269,10,2025-08-22
T001410,P0037,C0432,6,2025-06-24
T001411,P0133,C0157,1,2025-06-11
T001412,P0137,C0277,2,2025-11-30
T001413,P0024,C0196,10,2025-04-08
T001414,P0117,C0187,2,2025-03-13
T001415,P0038,C0467,0,2024-04-23
T001416,P0042,C0059,10,2025-07-23
T001417,P0097,C0054,6,2025-09-25
T001418,P0036,C0051,-7,2025-10-31
T001419,P0017,C0510,9,2024-09-07
T001420,P0065,C0357,3,2025-03-10
T001421,P0024,C0503,5,2024-06-21
T001422,P0014,C0372,7,2025-04-26
T001423,P0011,C0030,1,2025-03-25
T001424,P0040,C0233,5,2025-07-06
T001425,P0121,C0576,1,2025/04/05
T001426,P0120,C0520,1,2025-04-29
T001427,P0121,C0056,3,2025-11-21
T001428,P0016,C0542,7,Feb 22 2025
T001429,P0052,C0121,7,2024-06-05
T001430,P0073,C0498,7,2025-02-02
T001431,P0069,C0257,0,2024-01-28
T001432,P0027,C0460,1,2024-02-07
T001433,P0136,C0587,5,2024-10-23
T001434,P0111,C0591,8,2024-08-14
T001435,P0133,C0500,6,2025-03-04
T001436,P0019,C0391,1,2025-10-08
T001437,P0107,C0222,1,2024-10-04
T001438,P0068,C0283,10,2024-04-26
T001439,P0077,C0438,0,2024-11-13
T001440,P0007,C0434,3,2024-08-01
T001441,P0136,C0241,6,2024-01-20
T001442,P0107,C0120,8,2024-04-24
T001443,P0045,,10,2025-02-13
T001444,P0126,C0544,3,2024-02-17
T001445,P0054,C0576,0,2024-08-08
T001446,P0075,C0062,6,2025-02-23
T001447,,C0411,5,2025-11-28
T001448,P0027,C0434,5,2024-01-14
T001449,P0012,C0435,9,May 24 2024
T001450,P0131,C0416,9,2024-04-17
T001451,P0024,C0565,6,2025-08-14
T001452,P0132,C0514,6,2025-01-16
T001453,P0070,C0222,10,2024-05-17
T001454,P0138,C0366,7,2024-12-21
T001455,P0057,C0397,1,2025-07-11
T001456,P0075,C0007,4,2025-11-22
T001457,P0035,C0221,6,2024-12-12
T001458,P0102,C0571,2,Dec 22 2024
T001459,P0108,C0478,6,2024-08-05
T001460,P0033,C0013,7,2024-06-02
T001461,P0110,C0098,2,2024-09-04
T001462,P0129,C0017,10,2025-06-16
T001463,P0117,C0045,0,2024-11-17
T001464,P0003,C0109,10,2024-01-26
T001465,P0002,C0002,4,2024-11-04
T001466,P0076,C0080,2,2024-01-28
T001467,,C0013,8,2024-05-13
T001468,P0070,C0022,8,2024-09-26
T001469,P0017,C0346,0,2024-08-31
T001470,P0049,C0097,8,2024-07-20
T001471,P0045,C0331,4,2025-06-14
T001472,P0067,C0149,3,2024-12-19
T001473,P0064,C0507,10,2024-03-02
T001474,P0003,C0257,2,2024-03-24
T001475,P0124,C0155,-3,2024/02/05
T001476,P0016,C0177,0,2025-06-15
T001477,P0103,C0118,8,2025-07-09
T001478,P0044,C0474,2,2024-01-24
T001479,P0076,C0102,2,2024-10-18
T001480,P0119,C0390,3,2024-11-15
T001481,P0061,C0333,6,Apr 24 2024
T001482,P0058,C0314,6,2024-01-02
T001483,P0021,C0046,-7,2024-09-21
T001484,P0104,C0060,1,2025-06-25
T001485,P0065,C0219,9,2025-03-21
T001486,P0113,C0232,3,2024-09-05
T001487,P0037,C0311,3,2025-04-01
T001488,P0029,C0344,10,Nov 23 2025
T001489,P0017,C0363,1,2025-04-18
T001490,P0119,,9,2025-06-20
T001491,P0095,C0488,10,2025-06-28
T001492,P0116,C0317,9,2024-05-06
T001493,P0083,C0290,10,2025-04-17
T001494,P0027,C0200,7,2024-10-24
T001495,P0046,C0356,7,2025-08-05
T001496,P0129,C0384,3,2024-08-27
T001497,P0038,C0038,8,2024-05-02
T001498,P0109,,10,2024/03/14
T001499,P0059,C0455,6,2024-11-28
T001500,P0023,C0263,6,2025/05/01
T001501,P0078,C0444,5,2025-12-01
T001502,P0096,C0501,9,2025-12-02
T001503,P0032,C0019,4,2025-12-03
T001504,P0122,C0328,9,2025-12-04
T001505,P0150,C0351,9,2025-12-05
T001506,P0070,C0557,4,2025-12-06
T001507,P0045,C0404,5,2025-12-07
T001508,P0029,C0414,2,2025-12-08
T001509,P0038,C0111,2,2025-12-09
T001510,P0079,C0157,1,2025-12-10
T001511,P0028,C0131,2,2025-12-11
T001512,P0088,C0453,1,2025-12-12
T001513,P0076,C0495,6,2025-12-13
T001514,P0098,C0215,6,2025-12-14
T001515,P0022,C0016,7,2025-12-15
T001516,P0129,C0011,6,2025-12-16
T001517,P0037,C0403,3,2025-12-17
T001518,P0122,C0100,8,2025-12-18
T001519,P0133,C0563,8,2025-12-19
T001520,P0014,C0050,1,2025-12-20
T001521,P0035,C0491,4,2025-12-21
T001522,P0023,C0577,6,2025-12-22
T001523,P0017,C0305,3,2025-12-23
T001524,P0079,C0389,2,2025-12-24
T001525,P0127,C0393,5,2025-12-25
T001526,P0103,C0354,2,2025-12-26
T001527,P0115,C0550,8,2025-12-27
T001528,P0062,C0227,2,2025-12-28
T001529,P0063,C0435,1,2025-12-29
T001530,P0081,C0432,6,2025-12-30
T001531,P0041,C0426,1,2025-12-31
T001532,P0021,C0501,3,2026-01-01
T001533,P0081,C0440,3,2026-01-02
T001534,P0066,C0342,9,2026-01-03
T001535,P0139,C0561,8,2026-01-04
T001536,P0052,C0159,8,2026-01-05
T001537,P0098,C0305,2,2026-01-06
T001538,P0144,C0159,4,2026-01-07
T001539,P0053,C0427,1,2026-01-08
T001540,P0132,C0359,2,2026-01-09
T001541,P0005,C0223,6,2026-01-10
T001542,P0115,C0333,3,2026-01-11
T001543,P0104,C0079,1,2026-01-12
T001544,P0011,C0009,4,2026-01-13
T001545,P0022,C0533,2,2026-01-14
T001546,P0144,C0093,9,2026-01-15
T001547,P0069,C0271,1,2026-01-16
T001548,P0026,C0574,10,2026-01-17
T001549,P0033,C0059,6,2026-01-18
T001550,P0124,C0495,4,2026-01-19
T001551,P0083,C0410,2,2026-01-20
T001552,P0138,C0082,2,2026-01-21
T001553,P0132,C0393,9,2026-01-22
T001554,P0059,C0065,8,2026-01-23
T001555,P0054,C0596,8,2026-01-24
T001556,P0124,C0252,8,2026-01-25
T001557,P0143,C0264,2,2026-01-26
T001558,P0015,C0243,6,2026-01-27
T001559,P0140,C0192,2,2026-01-28
T001560,P0038,C0544,6,2026-01-29
T001561,P0055,C0306,10,2026-01-30
T001562,P0006,C0251,2,2026-01-31
T001563,P0104,C0591,8,2026-02-01
T001564,P0101,C0342,2,2026-02-02
T001565,P0008,C0058,2,2026-02-03
T001566,P0026,C0495,10,2026-02-04
T001567,P0043,C0345,7,2026-02-05
T001568,P0106,C0084,7,2026-02-06
T001569,P0042,C0327,9,2026-02-07
T001570,P0065,C0588,5,2026-02-08
